,episode reward,episode,Method
0,-44.75,1,MADDPG
1,-44.14666666666667,2,MADDPG
2,-43.662,3,MADDPG
3,-44.344,4,MADDPG
4,-44.866,5,MADDPG
5,-45.18,6,MADDPG
6,-45.672,7,MADDPG
7,-46.64,8,MADDPG
8,-46.5,9,MADDPG
9,-45.916,10,MADDPG
10,-45.494,11,MADDPG
11,-45.592,12,MADDPG
12,-44.986,13,MADDPG
13,-44.874,14,MADDPG
14,-45.136,15,MADDPG
15,-45.284000000000006,16,MADDPG
16,-44.926,17,MADDPG
17,-45.606,18,MADDPG
18,-44.87,19,MADDPG
19,-44.732000000000006,20,MADDPG
20,-44.718,21,MADDPG
21,-44.752,22,MADDPG
22,-43.816,23,MADDPG
23,-43.77,24,MADDPG
24,-43.772000000000006,25,MADDPG
25,-45.088,26,MADDPG
26,-45.344,27,MADDPG
27,-45.458000000000006,28,MADDPG
28,-45.498000000000005,29,MADDPG
29,-45.742,30,MADDPG
30,-44.526,31,MADDPG
31,-44.184,32,MADDPG
32,-44.024,33,MADDPG
33,-45.05800000000001,34,MADDPG
34,-44.754000000000005,35,MADDPG
35,-44.672,36,MADDPG
36,-45.004000000000005,37,MADDPG
37,-45.386,38,MADDPG
38,-44.67999999999999,39,MADDPG
39,-44.656,40,MADDPG
40,-45.10999999999999,41,MADDPG
41,-45.782,42,MADDPG
42,-45.456,43,MADDPG
43,-45.59400000000001,44,MADDPG
44,-46.120000000000005,45,MADDPG
45,-45.748000000000005,46,MADDPG
46,-44.83400000000001,47,MADDPG
47,-45.124,48,MADDPG
48,-44.918,49,MADDPG
49,-45.228,50,MADDPG
50,-44.86,51,MADDPG
51,-45.186,52,MADDPG
52,-44.936,53,MADDPG
53,-45.028,54,MADDPG
54,-44.42,55,MADDPG
55,-44.884,56,MADDPG
56,-44.540000000000006,57,MADDPG
57,-44.5,58,MADDPG
58,-44.05200000000001,59,MADDPG
59,-44.102,60,MADDPG
60,-44.614,61,MADDPG
61,-46.040000000000006,62,MADDPG
62,-46.568000000000005,63,MADDPG
63,-47.166,64,MADDPG
64,-48.242,65,MADDPG
65,-48.212,66,MADDPG
66,-46.922,67,MADDPG
67,-46.696,68,MADDPG
68,-46.89,69,MADDPG
69,-47.12,70,MADDPG
70,-46.562,71,MADDPG
71,-47.922,72,MADDPG
72,-49.726,73,MADDPG
73,-49.532,74,MADDPG
74,-48.512,75,MADDPG
75,-48.97800000000001,76,MADDPG
76,-48.284000000000006,77,MADDPG
77,-47.358,78,MADDPG
78,-48.12,79,MADDPG
79,-47.63199999999999,80,MADDPG
80,-47.95,81,MADDPG
81,-48.202,82,MADDPG
82,-47.964,83,MADDPG
83,-47.868,84,MADDPG
84,-49.138000000000005,85,MADDPG
85,-49.192,86,MADDPG
86,-49.968,87,MADDPG
87,-49.26800000000001,88,MADDPG
88,-48.882,89,MADDPG
89,-48.628,90,MADDPG
90,-47.976,91,MADDPG
91,-46.816,92,MADDPG
92,-47.176,93,MADDPG
93,-46.848,94,MADDPG
94,-46.29600000000001,95,MADDPG
95,-46.986,96,MADDPG
96,-47.284000000000006,97,MADDPG
97,-48.010000000000005,98,MADDPG
98,-49.55333333333334,99,MADDPG
99,-50.42,100,MADDPG
100,88.9,1,MADDPG
101,88.34333333333332,2,MADDPG
102,88.136,3,MADDPG
103,89.064,4,MADDPG
104,89.814,5,MADDPG
105,90.408,6,MADDPG
106,90.932,7,MADDPG
107,92.224,8,MADDPG
108,92.04,9,MADDPG
109,91.314,10,MADDPG
110,90.522,11,MADDPG
111,90.722,12,MADDPG
112,89.76599999999999,13,MADDPG
113,89.80999999999999,14,MADDPG
114,90.186,15,MADDPG
115,90.368,16,MADDPG
116,90.032,17,MADDPG
117,90.96,18,MADDPG
118,90.054,19,MADDPG
119,89.868,20,MADDPG
120,90.112,21,MADDPG
121,90.09799999999998,22,MADDPG
122,88.792,23,MADDPG
123,88.81000000000002,24,MADDPG
124,88.80999999999999,25,MADDPG
125,90.204,26,MADDPG
126,90.582,27,MADDPG
127,90.776,28,MADDPG
128,90.76,29,MADDPG
129,91.142,30,MADDPG
130,89.708,31,MADDPG
131,89.124,32,MADDPG
132,88.94800000000001,33,MADDPG
133,90.216,34,MADDPG
134,89.618,35,MADDPG
135,89.652,36,MADDPG
136,90.24,37,MADDPG
137,90.808,38,MADDPG
138,89.89000000000001,39,MADDPG
139,90.14,40,MADDPG
140,90.43800000000002,41,MADDPG
141,91.13,42,MADDPG
142,90.78,43,MADDPG
143,90.964,44,MADDPG
144,91.472,45,MADDPG
145,91.142,46,MADDPG
146,89.826,47,MADDPG
147,89.95,48,MADDPG
148,89.554,49,MADDPG
149,90.152,50,MADDPG
150,89.81800000000001,51,MADDPG
151,90.408,52,MADDPG
152,90.268,53,MADDPG
153,90.47,54,MADDPG
154,89.512,55,MADDPG
155,90.04599999999999,56,MADDPG
156,89.46399999999998,57,MADDPG
157,89.24000000000001,58,MADDPG
158,88.70000000000002,59,MADDPG
159,87.502,60,MADDPG
160,86.55,61,MADDPG
161,85.98400000000001,62,MADDPG
162,84.072,63,MADDPG
163,84.25999999999999,64,MADDPG
164,84.328,65,MADDPG
165,84.268,66,MADDPG
166,85.38000000000001,67,MADDPG
167,86.958,68,MADDPG
168,86.614,69,MADDPG
169,86.84200000000001,70,MADDPG
170,87.36000000000001,71,MADDPG
171,86.16600000000001,72,MADDPG
172,85.8,73,MADDPG
173,86.19800000000001,74,MADDPG
174,87.00800000000001,75,MADDPG
175,86.082,76,MADDPG
176,87.15,77,MADDPG
177,87.6,78,MADDPG
178,87.578,79,MADDPG
179,86.214,80,MADDPG
180,86.244,81,MADDPG
181,85.38199999999999,82,MADDPG
182,85.38,83,MADDPG
183,86.38999999999999,84,MADDPG
184,86.60799999999999,85,MADDPG
185,87.418,86,MADDPG
186,87.376,87,MADDPG
187,87.478,88,MADDPG
188,86.338,89,MADDPG
189,87.704,90,MADDPG
190,86.28999999999999,91,MADDPG
191,85.72,92,MADDPG
192,86.14,93,MADDPG
193,85.396,94,MADDPG
194,84.348,95,MADDPG
195,85.238,96,MADDPG
196,85.682,97,MADDPG
197,84.328,98,MADDPG
198,84.38,99,MADDPG
199,82.67,100,MADDPG
200,88.9,1,MADDPG
201,88.34333333333332,2,MADDPG
202,88.136,3,MADDPG
203,89.064,4,MADDPG
204,89.814,5,MADDPG
205,90.40799999999999,6,MADDPG
206,90.932,7,MADDPG
207,92.224,8,MADDPG
208,92.04,9,MADDPG
209,91.314,10,MADDPG
210,90.522,11,MADDPG
211,90.72200000000001,12,MADDPG
212,89.76599999999999,13,MADDPG
213,89.80999999999999,14,MADDPG
214,90.186,15,MADDPG
215,90.368,16,MADDPG
216,90.032,17,MADDPG
217,90.96,18,MADDPG
218,90.054,19,MADDPG
219,89.868,20,MADDPG
220,90.112,21,MADDPG
221,90.09799999999998,22,MADDPG
222,88.792,23,MADDPG
223,88.81000000000002,24,MADDPG
224,88.80999999999999,25,MADDPG
225,90.20400000000001,26,MADDPG
226,90.582,27,MADDPG
227,90.77600000000001,28,MADDPG
228,90.75999999999999,29,MADDPG
229,91.142,30,MADDPG
230,89.708,31,MADDPG
231,89.124,32,MADDPG
232,88.94800000000001,33,MADDPG
233,90.21600000000001,34,MADDPG
234,89.618,35,MADDPG
235,89.652,36,MADDPG
236,90.24000000000001,37,MADDPG
237,90.808,38,MADDPG
238,89.89000000000001,39,MADDPG
239,90.14,40,MADDPG
240,90.43800000000002,41,MADDPG
241,91.13000000000001,42,MADDPG
242,90.78,43,MADDPG
243,90.964,44,MADDPG
244,91.47200000000001,45,MADDPG
245,91.14200000000001,46,MADDPG
246,89.826,47,MADDPG
247,89.95,48,MADDPG
248,89.554,49,MADDPG
249,90.152,50,MADDPG
250,89.81800000000001,51,MADDPG
251,90.408,52,MADDPG
252,90.268,53,MADDPG
253,90.47,54,MADDPG
254,89.512,55,MADDPG
255,90.04599999999999,56,MADDPG
256,89.46399999999998,57,MADDPG
257,89.24000000000001,58,MADDPG
258,88.70000000000002,59,MADDPG
259,87.502,60,MADDPG
260,86.55,61,MADDPG
261,85.98400000000001,62,MADDPG
262,84.072,63,MADDPG
263,84.25999999999999,64,MADDPG
264,84.328,65,MADDPG
265,84.268,66,MADDPG
266,85.38000000000001,67,MADDPG
267,86.958,68,MADDPG
268,86.614,69,MADDPG
269,86.84200000000001,70,MADDPG
270,87.36000000000001,71,MADDPG
271,86.16600000000001,72,MADDPG
272,85.8,73,MADDPG
273,86.19800000000001,74,MADDPG
274,87.00800000000001,75,MADDPG
275,86.082,76,MADDPG
276,87.15,77,MADDPG
277,87.6,78,MADDPG
278,87.578,79,MADDPG
279,86.214,80,MADDPG
280,86.244,81,MADDPG
281,85.38199999999999,82,MADDPG
282,85.38,83,MADDPG
283,86.38999999999999,84,MADDPG
284,86.60799999999999,85,MADDPG
285,87.418,86,MADDPG
286,87.376,87,MADDPG
287,87.478,88,MADDPG
288,86.338,89,MADDPG
289,87.704,90,MADDPG
290,86.28999999999999,91,MADDPG
291,85.72,92,MADDPG
292,86.14,93,MADDPG
293,85.396,94,MADDPG
294,84.348,95,MADDPG
295,85.238,96,MADDPG
296,85.682,97,MADDPG
297,84.328,98,MADDPG
298,84.60600000000001,99,MADDPG
299,84.814,100,MADDPG
300,84.476,101,MADDPG
301,84.846,102,MADDPG
302,85.46000000000001,103,MADDPG
303,86.12,104,MADDPG
304,85.96600000000001,105,MADDPG
305,86.13399999999999,106,MADDPG
306,85.73799999999999,107,MADDPG
307,86.06199999999998,108,MADDPG
308,85.848,109,MADDPG
309,86.394,110,MADDPG
310,87.228,111,MADDPG
311,87.626,112,MADDPG
312,88.88,113,MADDPG
313,89.696,114,MADDPG
314,91.09799999999998,115,MADDPG
315,93.696,116,MADDPG
316,94.288,117,MADDPG
317,94.086,118,MADDPG
318,94.622,119,MADDPG
319,93.696,120,MADDPG
320,92.236,121,MADDPG
321,92.644,122,MADDPG
322,92.97200000000001,123,MADDPG
323,93.154,124,MADDPG
324,93.162,125,MADDPG
325,92.61600000000001,126,MADDPG
326,92.00800000000001,127,MADDPG
327,91.48800000000001,128,MADDPG
328,90.784,129,MADDPG
329,90.572,130,MADDPG
330,91.08599999999998,131,MADDPG
331,91.84,132,MADDPG
332,91.85,133,MADDPG
333,91.244,134,MADDPG
334,92.202,135,MADDPG
335,92.056,136,MADDPG
336,92.434,137,MADDPG
337,92.06199999999998,138,MADDPG
338,93.15799999999999,139,MADDPG
339,93.15399999999998,140,MADDPG
340,92.73599999999999,141,MADDPG
341,92.38199999999999,142,MADDPG
342,92.564,143,MADDPG
343,91.678,144,MADDPG
344,92.008,145,MADDPG
345,92.762,146,MADDPG
346,93.08000000000001,147,MADDPG
347,92.85,148,MADDPG
348,93.05199999999999,149,MADDPG
349,92.524,150,MADDPG
350,92.006,151,MADDPG
351,91.27599999999998,152,MADDPG
352,92.234,153,MADDPG
353,92.75200000000001,154,MADDPG
354,92.762,155,MADDPG
355,92.69200000000001,156,MADDPG
356,93.23,157,MADDPG
357,92.51999999999998,158,MADDPG
358,92.01199999999999,159,MADDPG
359,92.18799999999999,160,MADDPG
360,91.666,161,MADDPG
361,91.344,162,MADDPG
362,91.682,163,MADDPG
363,91.84,164,MADDPG
364,91.65599999999999,165,MADDPG
365,92.594,166,MADDPG
366,93.504,167,MADDPG
367,93.152,168,MADDPG
368,93.15200000000002,169,MADDPG
369,92.98400000000001,170,MADDPG
370,92.428,171,MADDPG
371,91.128,172,MADDPG
372,91.492,173,MADDPG
373,91.35,174,MADDPG
374,91.882,175,MADDPG
375,92.40800000000002,176,MADDPG
376,93.326,177,MADDPG
377,93.154,178,MADDPG
378,93.48599999999999,179,MADDPG
379,92.726,180,MADDPG
380,92.744,181,MADDPG
381,91.848,182,MADDPG
382,91.644,183,MADDPG
383,91.982,184,MADDPG
384,92.72200000000001,185,MADDPG
385,92.376,186,MADDPG
386,92.392,187,MADDPG
387,92.54799999999999,188,MADDPG
388,92.01199999999999,189,MADDPG
389,91.494,190,MADDPG
390,91.47600000000001,191,MADDPG
391,91.82000000000001,192,MADDPG
392,91.858,193,MADDPG
393,91.676,194,MADDPG
394,92.38,195,MADDPG
395,93.474,196,MADDPG
396,93.796,197,MADDPG
397,94.28999999999999,198,MADDPG
398,94.62599999999999,199,MADDPG
399,93.90200000000002,200,MADDPG
400,92.82000000000001,201,MADDPG
401,93.74199999999999,202,MADDPG
402,93.414,203,MADDPG
403,93.24199999999999,204,MADDPG
404,93.05,205,MADDPG
405,92.86000000000001,206,MADDPG
406,92.16399999999999,207,MADDPG
407,92.14999999999999,208,MADDPG
408,92.01,209,MADDPG
409,92.20599999999999,210,MADDPG
410,91.988,211,MADDPG
411,90.86,212,MADDPG
412,90.50999999999999,213,MADDPG
413,90.284,214,MADDPG
414,90.454,215,MADDPG
415,90.652,216,MADDPG
416,91.398,217,MADDPG
417,91.376,218,MADDPG
418,91.768,219,MADDPG
419,91.59,220,MADDPG
420,91.60799999999999,221,MADDPG
421,91.252,222,MADDPG
422,91.65600000000002,223,MADDPG
423,91.84400000000001,224,MADDPG
424,91.84400000000001,225,MADDPG
425,92.176,226,MADDPG
426,92.364,227,MADDPG
427,92.35000000000001,228,MADDPG
428,92.316,229,MADDPG
429,92.294,230,MADDPG
430,91.946,231,MADDPG
431,91.92999999999999,232,MADDPG
432,91.77399999999999,233,MADDPG
433,91.61999999999999,234,MADDPG
434,91.47999999999999,235,MADDPG
435,91.854,236,MADDPG
436,92.05199999999999,237,MADDPG
437,91.99600000000001,238,MADDPG
438,91.98800000000001,239,MADDPG
439,91.966,240,MADDPG
440,91.98,241,MADDPG
441,91.588,242,MADDPG
442,91.602,243,MADDPG
443,91.59,244,MADDPG
444,92.118,245,MADDPG
445,91.72200000000001,246,MADDPG
446,91.934,247,MADDPG
447,92.31800000000001,248,MADDPG
448,92.482,249,MADDPG
449,92.51999999999998,250,MADDPG
450,92.34399999999998,251,MADDPG
451,92.532,252,MADDPG
452,92.33400000000002,253,MADDPG
453,92.15800000000002,254,MADDPG
454,91.80199999999999,255,MADDPG
455,92.196,256,MADDPG
456,92.178,257,MADDPG
457,92.03399999999999,258,MADDPG
458,92.03999999999999,259,MADDPG
459,92.044,260,MADDPG
460,91.836,261,MADDPG
461,91.64599999999999,262,MADDPG
462,91.966,263,MADDPG
463,92.712,264,MADDPG
464,92.7,265,MADDPG
465,92.71000000000001,266,MADDPG
466,92.918,267,MADDPG
467,92.768,268,MADDPG
468,92.042,269,MADDPG
469,92.184,270,MADDPG
470,92.716,271,MADDPG
471,92.482,272,MADDPG
472,92.486,273,MADDPG
473,92.47,274,MADDPG
474,92.458,275,MADDPG
475,92.28999999999999,276,MADDPG
476,92.51599999999999,277,MADDPG
477,92.3,278,MADDPG
478,92.286,279,MADDPG
479,91.942,280,MADDPG
480,91.546,281,MADDPG
481,91.354,282,MADDPG
482,91.57000000000001,283,MADDPG
483,91.75999999999999,284,MADDPG
484,91.92599999999999,285,MADDPG
485,91.96,286,MADDPG
486,92.12799999999999,287,MADDPG
487,91.736,288,MADDPG
488,91.93,289,MADDPG
489,92.34,290,MADDPG
490,92.884,291,MADDPG
491,93.08000000000001,292,MADDPG
492,93.412,293,MADDPG
493,92.846,294,MADDPG
494,92.65200000000002,295,MADDPG
495,92.11600000000001,296,MADDPG
496,91.394,297,MADDPG
497,91.216,298,MADDPG
498,91.386,299,MADDPG
499,91.208,300,MADDPG
500,91.18,301,MADDPG
501,91.53,302,MADDPG
502,91.944,303,MADDPG
503,91.982,304,MADDPG
504,92.16799999999999,305,MADDPG
505,92.204,306,MADDPG
506,92.35800000000002,307,MADDPG
507,91.98799999999999,308,MADDPG
508,91.96199999999999,309,MADDPG
509,92.136,310,MADDPG
510,92.126,311,MADDPG
511,91.97,312,MADDPG
512,92.338,313,MADDPG
513,92.51,314,MADDPG
514,92.29,315,MADDPG
515,92.474,316,MADDPG
516,92.50000000000001,317,MADDPG
517,92.49600000000001,318,MADDPG
518,92.322,319,MADDPG
519,92.14,320,MADDPG
520,91.912,321,MADDPG
521,91.912,322,MADDPG
522,91.738,323,MADDPG
523,92.112,324,MADDPG
524,92.702,325,MADDPG
525,92.896,326,MADDPG
526,93.08000000000001,327,MADDPG
527,92.85,328,MADDPG
528,92.646,329,MADDPG
529,92.06400000000001,330,MADDPG
530,91.892,331,MADDPG
531,91.89000000000001,332,MADDPG
532,91.886,333,MADDPG
533,91.926,334,MADDPG
534,92.148,335,MADDPG
535,92.124,336,MADDPG
536,91.92800000000001,337,MADDPG
537,92.164,338,MADDPG
538,92.14399999999999,339,MADDPG
539,92.142,340,MADDPG
540,92.15,341,MADDPG
541,92.12,342,MADDPG
542,92.09,343,MADDPG
543,91.892,344,MADDPG
544,91.68199999999999,345,MADDPG
545,91.90799999999999,346,MADDPG
546,92.126,347,MADDPG
547,92.11600000000001,348,MADDPG
548,92.114,349,MADDPG
549,92.324,350,MADDPG
550,92.1,351,MADDPG
551,91.88199999999999,352,MADDPG
552,91.922,353,MADDPG
553,91.92399999999999,354,MADDPG
554,91.698,355,MADDPG
555,91.69,356,MADDPG
556,92.076,357,MADDPG
557,92.018,358,MADDPG
558,92.01599999999999,359,MADDPG
559,92.25,360,MADDPG
560,92.25399999999999,361,MADDPG
561,91.876,362,MADDPG
562,91.928,363,MADDPG
563,91.92800000000001,364,MADDPG
564,91.924,365,MADDPG
565,91.942,366,MADDPG
566,92.138,367,MADDPG
567,92.29400000000001,368,MADDPG
568,92.69800000000001,369,MADDPG
569,92.46799999999999,370,MADDPG
570,92.44200000000001,371,MADDPG
571,92.46000000000001,372,MADDPG
572,92.114,373,MADDPG
573,91.902,374,MADDPG
574,92.30199999999999,375,MADDPG
575,92.314,376,MADDPG
576,92.276,377,MADDPG
577,92.644,378,MADDPG
578,92.476,379,MADDPG
579,92.09200000000001,380,MADDPG
580,92.302,381,MADDPG
581,92.11600000000001,382,MADDPG
582,92.10999999999999,383,MADDPG
583,92.29999999999998,384,MADDPG
584,92.49199999999999,385,MADDPG
585,92.668,386,MADDPG
586,92.694,387,MADDPG
587,92.5,388,MADDPG
588,92.286,389,MADDPG
589,92.27000000000001,390,MADDPG
590,92.088,391,MADDPG
591,92.062,392,MADDPG
592,91.85799999999999,393,MADDPG
593,91.856,394,MADDPG
594,91.676,395,MADDPG
595,91.498,396,MADDPG
596,91.902,397,MADDPG
597,91.896,398,MADDPG
598,91.896,399,MADDPG
599,91.882,400,MADDPG
600,92.058,401,MADDPG
601,91.652,402,MADDPG
602,91.852,403,MADDPG
603,91.866,404,MADDPG
604,92.086,405,MADDPG
605,92.104,406,MADDPG
606,92.10000000000001,407,MADDPG
607,91.902,408,MADDPG
608,92.12,409,MADDPG
609,91.90600000000002,410,MADDPG
610,91.86200000000001,411,MADDPG
611,91.862,412,MADDPG
612,92.09400000000001,413,MADDPG
613,92.09200000000001,414,MADDPG
614,92.102,415,MADDPG
615,91.92999999999999,416,MADDPG
616,92.328,417,MADDPG
617,92.304,418,MADDPG
618,92.08,419,MADDPG
619,92.082,420,MADDPG
620,92.07199999999999,421,MADDPG
621,91.912,422,MADDPG
622,91.89,423,MADDPG
623,92.114,424,MADDPG
624,92.332,425,MADDPG
625,92.53600000000002,426,MADDPG
626,92.53400000000002,427,MADDPG
627,92.35,428,MADDPG
628,92.122,429,MADDPG
629,91.886,430,MADDPG
630,91.866,431,MADDPG
631,91.63000000000001,432,MADDPG
632,91.84,433,MADDPG
633,92.24,434,MADDPG
634,92.45,435,MADDPG
635,92.464,436,MADDPG
636,92.47999999999999,437,MADDPG
637,92.26599999999999,438,MADDPG
638,91.866,439,MADDPG
639,91.66799999999999,440,MADDPG
640,91.47999999999999,441,MADDPG
641,91.47200000000001,442,MADDPG
642,91.874,443,MADDPG
643,92.06,444,MADDPG
644,92.05,445,MADDPG
645,92.24799999999999,446,MADDPG
646,92.24,447,MADDPG
647,91.844,448,MADDPG
648,91.654,449,MADDPG
649,91.648,450,MADDPG
650,91.44,451,MADDPG
651,91.438,452,MADDPG
652,91.432,453,MADDPG
653,91.672,454,MADDPG
654,91.692,455,MADDPG
655,91.872,456,MADDPG
656,92.102,457,MADDPG
657,92.3,458,MADDPG
658,92.292,459,MADDPG
659,92.27600000000001,460,MADDPG
660,92.09,461,MADDPG
661,91.89,462,MADDPG
662,91.908,463,MADDPG
663,91.912,464,MADDPG
664,91.91,465,MADDPG
665,91.91,466,MADDPG
666,91.882,467,MADDPG
667,91.852,468,MADDPG
668,91.622,469,MADDPG
669,91.828,470,MADDPG
670,91.83,471,MADDPG
671,91.83599999999998,472,MADDPG
672,91.888,473,MADDPG
673,91.886,474,MADDPG
674,91.88399999999999,475,MADDPG
675,92.104,476,MADDPG
676,92.108,477,MADDPG
677,92.078,478,MADDPG
678,92.07600000000001,479,MADDPG
679,91.872,480,MADDPG
680,91.654,481,MADDPG
681,91.646,482,MADDPG
682,91.628,483,MADDPG
683,91.628,484,MADDPG
684,91.652,485,MADDPG
685,91.65,486,MADDPG
686,91.66,487,MADDPG
687,91.872,488,MADDPG
688,91.886,489,MADDPG
689,91.864,490,MADDPG
690,91.862,491,MADDPG
691,92.05799999999999,492,MADDPG
692,91.888,493,MADDPG
693,92.11000000000001,494,MADDPG
694,92.11800000000001,495,MADDPG
695,92.304,496,MADDPG
696,92.108,497,MADDPG
697,91.876,498,MADDPG
698,91.876,499,MADDPG
699,91.866,500,MADDPG
700,91.68,501,MADDPG
701,91.67800000000001,502,MADDPG
702,91.67800000000001,503,MADDPG
703,91.43800000000002,504,MADDPG
704,91.45000000000002,505,MADDPG
705,91.45000000000002,506,MADDPG
706,91.672,507,MADDPG
707,91.674,508,MADDPG
708,91.914,509,MADDPG
709,91.90400000000001,510,MADDPG
710,92.13399999999999,511,MADDPG
711,91.91999999999999,512,MADDPG
712,91.92399999999999,513,MADDPG
713,91.68799999999999,514,MADDPG
714,91.92,515,MADDPG
715,91.702,516,MADDPG
716,91.91600000000001,517,MADDPG
717,91.922,518,MADDPG
718,92.15599999999999,519,MADDPG
719,91.924,520,MADDPG
720,91.924,521,MADDPG
721,91.924,522,MADDPG
722,91.916,523,MADDPG
723,91.67999999999999,524,MADDPG
724,91.874,525,MADDPG
725,92.088,526,MADDPG
726,92.064,527,MADDPG
727,92.062,528,MADDPG
728,92.07000000000001,529,MADDPG
729,92.07000000000001,530,MADDPG
730,92.082,531,MADDPG
731,91.874,532,MADDPG
732,92.08,533,MADDPG
733,92.31000000000002,534,MADDPG
734,92.114,535,MADDPG
735,91.878,536,MADDPG
736,92.08399999999999,537,MADDPG
737,91.876,538,MADDPG
738,91.642,539,MADDPG
739,91.878,540,MADDPG
740,92.078,541,MADDPG
741,91.874,542,MADDPG
742,91.88199999999999,543,MADDPG
743,91.898,544,MADDPG
744,91.674,545,MADDPG
745,91.47200000000001,546,MADDPG
746,91.474,547,MADDPG
747,91.47999999999999,548,MADDPG
748,91.872,549,MADDPG
749,91.862,550,MADDPG
750,91.886,551,MADDPG
751,91.884,552,MADDPG
752,91.876,553,MADDPG
753,91.702,554,MADDPG
754,91.92,555,MADDPG
755,91.91,556,MADDPG
756,92.10600000000001,557,MADDPG
757,92.1,558,MADDPG
758,91.868,559,MADDPG
759,91.848,560,MADDPG
760,91.872,561,MADDPG
761,91.69,562,MADDPG
762,91.696,563,MADDPG
763,91.692,564,MADDPG
764,91.494,565,MADDPG
765,91.45599999999999,566,MADDPG
766,91.672,567,MADDPG
767,91.66799999999999,568,MADDPG
768,91.682,569,MADDPG
769,91.92,570,MADDPG
770,91.928,571,MADDPG
771,91.70599999999999,572,MADDPG
772,91.72,573,MADDPG
773,91.942,574,MADDPG
774,91.704,575,MADDPG
775,91.708,576,MADDPG
776,91.70599999999999,577,MADDPG
777,91.7,578,MADDPG
778,91.654,579,MADDPG
779,91.888,580,MADDPG
780,92.098,581,MADDPG
781,92.322,582,MADDPG
782,92.316,583,MADDPG
783,92.124,584,MADDPG
784,91.89399999999999,585,MADDPG
785,91.682,586,MADDPG
786,91.686,587,MADDPG
787,91.684,588,MADDPG
788,91.874,589,MADDPG
789,92.104,590,MADDPG
790,92.098,591,MADDPG
791,92.092,592,MADDPG
792,92.092,593,MADDPG
793,92.306,594,MADDPG
794,92.07000000000001,595,MADDPG
795,92.264,596,MADDPG
796,92.236,597,MADDPG
797,92.24600000000001,598,MADDPG
798,91.872,599,MADDPG
799,91.888,600,MADDPG
800,91.708,601,MADDPG
801,91.506,602,MADDPG
802,91.498,603,MADDPG
803,91.70400000000001,604,MADDPG
804,91.922,605,MADDPG
805,92.134,606,MADDPG
806,92.32,607,MADDPG
807,92.32,608,MADDPG
808,92.084,609,MADDPG
809,92.032,610,MADDPG
810,92.04,611,MADDPG
811,91.86600000000001,612,MADDPG
812,91.874,613,MADDPG
813,91.874,614,MADDPG
814,91.7,615,MADDPG
815,91.466,616,MADDPG
816,91.652,617,MADDPG
817,92.052,618,MADDPG
818,92.054,619,MADDPG
819,92.264,620,MADDPG
820,92.494,621,MADDPG
821,92.30199999999999,622,MADDPG
822,91.88999999999999,623,MADDPG
823,91.888,624,MADDPG
824,91.69200000000001,625,MADDPG
825,91.458,626,MADDPG
826,91.48,627,MADDPG
827,91.674,628,MADDPG
828,91.674,629,MADDPG
829,91.652,630,MADDPG
830,91.888,631,MADDPG
831,91.86,632,MADDPG
832,91.67,633,MADDPG
833,91.678,634,MADDPG
834,91.858,635,MADDPG
835,91.622,636,MADDPG
836,91.626,637,MADDPG
837,91.62,638,MADDPG
838,91.812,639,MADDPG
839,91.83200000000001,640,MADDPG
840,91.83000000000001,641,MADDPG
841,92.06400000000001,642,MADDPG
842,92.08000000000001,643,MADDPG
843,92.114,644,MADDPG
844,91.94,645,MADDPG
845,92.17800000000001,646,MADDPG
846,91.942,647,MADDPG
847,91.92999999999999,648,MADDPG
848,91.706,649,MADDPG
849,91.682,650,MADDPG
850,91.684,651,MADDPG
851,91.688,652,MADDPG
852,91.702,653,MADDPG
853,91.692,654,MADDPG
854,91.90799999999999,655,MADDPG
855,91.904,656,MADDPG
856,92.13199999999999,657,MADDPG
857,92.324,658,MADDPG
858,92.33000000000001,659,MADDPG
859,92.31599999999999,660,MADDPG
860,92.08399999999999,661,MADDPG
861,91.862,662,MADDPG
862,91.67,663,MADDPG
863,91.692,664,MADDPG
864,91.726,665,MADDPG
865,91.958,666,MADDPG
866,92.184,667,MADDPG
867,92.178,668,MADDPG
868,92.38400000000001,669,MADDPG
869,92.14599999999999,670,MADDPG
870,91.912,671,MADDPG
871,91.914,672,MADDPG
872,91.90400000000001,673,MADDPG
873,91.672,674,MADDPG
874,91.908,675,MADDPG
875,91.908,676,MADDPG
876,91.672,677,MADDPG
877,91.91,678,MADDPG
878,91.91600000000001,679,MADDPG
879,91.71200000000002,680,MADDPG
880,91.724,681,MADDPG
881,91.958,682,MADDPG
882,91.724,683,MADDPG
883,91.724,684,MADDPG
884,91.696,685,MADDPG
885,91.89999999999999,686,MADDPG
886,91.67,687,MADDPG
887,91.66999999999999,688,MADDPG
888,91.662,689,MADDPG
889,91.862,690,MADDPG
890,91.648,691,MADDPG
891,91.65799999999999,692,MADDPG
892,91.674,693,MADDPG
893,91.67799999999998,694,MADDPG
894,91.66,695,MADDPG
895,91.894,696,MADDPG
896,92.08000000000001,697,MADDPG
897,92.28999999999999,698,MADDPG
898,92.524,699,MADDPG
899,92.34,700,MADDPG
900,92.30199999999999,701,MADDPG
901,92.1,702,MADDPG
902,92.11,703,MADDPG
903,92.09,704,MADDPG
904,92.09,705,MADDPG
905,91.892,706,MADDPG
906,91.892,707,MADDPG
907,91.66999999999999,708,MADDPG
908,91.454,709,MADDPG
909,91.662,710,MADDPG
910,91.894,711,MADDPG
911,91.892,712,MADDPG
912,91.876,713,MADDPG
913,91.874,714,MADDPG
914,91.876,715,MADDPG
915,91.85600000000001,716,MADDPG
916,91.862,717,MADDPG
917,91.876,718,MADDPG
918,92.10999999999999,719,MADDPG
919,92.13199999999999,720,MADDPG
920,92.10999999999999,721,MADDPG
921,92.10600000000001,722,MADDPG
922,92.106,723,MADDPG
923,91.87199999999999,724,MADDPG
924,91.646,725,MADDPG
925,91.456,726,MADDPG
926,91.69,727,MADDPG
927,91.91000000000001,728,MADDPG
928,91.91,729,MADDPG
929,91.90400000000001,730,MADDPG
930,91.904,731,MADDPG
931,91.874,732,MADDPG
932,91.64,733,MADDPG
933,91.876,734,MADDPG
934,91.876,735,MADDPG
935,92.276,736,MADDPG
936,92.078,737,MADDPG
937,92.07400000000001,738,MADDPG
938,91.86000000000001,739,MADDPG
939,91.87,740,MADDPG
940,91.47200000000001,741,MADDPG
941,91.702,742,MADDPG
942,91.93800000000002,743,MADDPG
943,91.91999999999999,744,MADDPG
944,92.12599999999999,745,MADDPG
945,92.138,746,MADDPG
946,92.13199999999999,747,MADDPG
947,91.89800000000001,748,MADDPG
948,92.11,749,MADDPG
949,92.092,750,MADDPG
950,92.078,751,MADDPG
951,91.854,752,MADDPG
952,92.06200000000001,753,MADDPG
953,92.08400000000002,754,MADDPG
954,91.886,755,MADDPG
955,92.122,756,MADDPG
956,92.35,757,MADDPG
957,92.374,758,MADDPG
958,92.134,759,MADDPG
959,92.138,760,MADDPG
960,91.9,761,MADDPG
961,91.888,762,MADDPG
962,91.656,763,MADDPG
963,91.89200000000001,764,MADDPG
964,92.124,765,MADDPG
965,92.126,766,MADDPG
966,92.094,767,MADDPG
967,92.09599999999999,768,MADDPG
968,91.862,769,MADDPG
969,91.864,770,MADDPG
970,91.866,771,MADDPG
971,91.69,772,MADDPG
972,92.09,773,MADDPG
973,92.102,774,MADDPG
974,91.862,775,MADDPG
975,92.062,776,MADDPG
976,92.066,777,MADDPG
977,92.064,778,MADDPG
978,92.28599999999999,779,MADDPG
979,92.522,780,MADDPG
980,92.34200000000001,781,MADDPG
981,92.32000000000001,782,MADDPG
982,92.12,783,MADDPG
983,91.898,784,MADDPG
984,91.66,785,MADDPG
985,91.638,786,MADDPG
986,91.64000000000001,787,MADDPG
987,91.46000000000001,788,MADDPG
988,91.45400000000001,789,MADDPG
989,91.458,790,MADDPG
990,91.658,791,MADDPG
991,92.058,792,MADDPG
992,92.042,793,MADDPG
993,92.058,794,MADDPG
994,92.066,795,MADDPG
995,91.896,796,MADDPG
996,91.69000000000001,797,MADDPG
997,91.688,798,MADDPG
998,91.668,799,MADDPG
999,91.658,800,MADDPG
1000,91.63,801,MADDPG
1001,91.434,802,MADDPG
1002,91.434,803,MADDPG
1003,91.436,804,MADDPG
1004,91.63199999999999,805,MADDPG
1005,91.632,806,MADDPG
1006,91.86799999999998,807,MADDPG
1007,92.05999999999999,808,MADDPG
1008,92.29,809,MADDPG
1009,92.11999999999999,810,MADDPG
1010,92.35400000000001,811,MADDPG
1011,92.132,812,MADDPG
1012,91.936,813,MADDPG
1013,91.70400000000001,814,MADDPG
1014,91.69399999999999,815,MADDPG
1015,91.486,816,MADDPG
1016,91.88,817,MADDPG
1017,92.09599999999999,818,MADDPG
1018,92.104,819,MADDPG
1019,92.32000000000001,820,MADDPG
1020,92.53,821,MADDPG
1021,92.12400000000001,822,MADDPG
1022,91.914,823,MADDPG
1023,92.14,824,MADDPG
1024,91.91,825,MADDPG
1025,91.908,826,MADDPG
1026,92.132,827,MADDPG
1027,92.12800000000001,828,MADDPG
1028,91.92,829,MADDPG
1029,91.93,830,MADDPG
1030,91.71000000000001,831,MADDPG
1031,91.718,832,MADDPG
1032,91.94399999999999,833,MADDPG
1033,91.92,834,MADDPG
1034,91.91600000000001,835,MADDPG
1035,91.906,836,MADDPG
1036,91.88,837,MADDPG
1037,91.654,838,MADDPG
1038,92.04400000000001,839,MADDPG
1039,92.03999999999999,840,MADDPG
1040,92.27,841,MADDPG
1041,92.27000000000001,842,MADDPG
1042,92.5,843,MADDPG
1043,92.10799999999999,844,MADDPG
1044,92.106,845,MADDPG
1045,91.876,846,MADDPG
1046,91.902,847,MADDPG
1047,91.672,848,MADDPG
1048,91.67,849,MADDPG
1049,91.674,850,MADDPG
1050,92.06800000000001,851,MADDPG
1051,91.836,852,MADDPG
1052,91.838,853,MADDPG
1053,92.072,854,MADDPG
1054,92.28399999999999,855,MADDPG
1055,91.884,856,MADDPG
1056,91.886,857,MADDPG
1057,91.884,858,MADDPG
1058,91.654,859,MADDPG
1059,91.434,860,MADDPG
1060,91.44200000000001,861,MADDPG
1061,91.64599999999999,862,MADDPG
1062,91.652,863,MADDPG
1063,91.64999999999999,864,MADDPG
1064,91.89,865,MADDPG
1065,92.098,866,MADDPG
1066,91.90599999999999,867,MADDPG
1067,92.114,868,MADDPG
1068,92.32000000000001,869,MADDPG
1069,92.088,870,MADDPG
1070,91.876,871,MADDPG
1071,92.1,872,MADDPG
1072,91.886,873,MADDPG
1073,91.67999999999999,874,MADDPG
1074,91.674,875,MADDPG
1075,91.672,876,MADDPG
1076,91.674,877,MADDPG
1077,91.90599999999999,878,MADDPG
1078,91.908,879,MADDPG
1079,92.106,880,MADDPG
1080,92.32600000000001,881,MADDPG
1081,92.10000000000001,882,MADDPG
1082,91.87,883,MADDPG
1083,92.10400000000001,884,MADDPG
1084,91.908,885,MADDPG
1085,91.708,886,MADDPG
1086,91.932,887,MADDPG
1087,91.932,888,MADDPG
1088,91.69800000000001,889,MADDPG
1089,91.696,890,MADDPG
1090,91.91,891,MADDPG
1091,91.674,892,MADDPG
1092,91.682,893,MADDPG
1093,91.68800000000002,894,MADDPG
1094,91.718,895,MADDPG
1095,91.678,896,MADDPG
1096,91.894,897,MADDPG
1097,91.884,898,MADDPG
1098,91.872,899,MADDPG
1099,92.06200000000001,900,MADDPG
1100,91.886,901,MADDPG
1101,91.86399999999999,902,MADDPG
1102,92.102,903,MADDPG
1103,92.10400000000001,904,MADDPG
1104,91.886,905,MADDPG
1105,92.06800000000001,906,MADDPG
1106,91.874,907,MADDPG
1107,91.87,908,MADDPG
1108,91.88999999999999,909,MADDPG
1109,91.89,910,MADDPG
1110,91.688,911,MADDPG
1111,91.924,912,MADDPG
1112,91.7,913,MADDPG
1113,91.682,914,MADDPG
1114,91.898,915,MADDPG
1115,91.904,916,MADDPG
1116,91.666,917,MADDPG
1117,91.65799999999999,918,MADDPG
1118,91.68599999999999,919,MADDPG
1119,91.68599999999999,920,MADDPG
1120,91.68199999999999,921,MADDPG
1121,91.68199999999999,922,MADDPG
1122,91.91199999999999,923,MADDPG
1123,91.884,924,MADDPG
1124,91.66600000000001,925,MADDPG
1125,91.668,926,MADDPG
1126,91.66600000000001,927,MADDPG
1127,91.672,928,MADDPG
1128,91.674,929,MADDPG
1129,91.68199999999999,930,MADDPG
1130,91.87,931,MADDPG
1131,92.076,932,MADDPG
1132,92.074,933,MADDPG
1133,92.26400000000001,934,MADDPG
1134,92.256,935,MADDPG
1135,92.27600000000001,936,MADDPG
1136,92.074,937,MADDPG
1137,91.838,938,MADDPG
1138,91.876,939,MADDPG
1139,91.876,940,MADDPG
1140,91.66400000000002,941,MADDPG
1141,91.89800000000001,942,MADDPG
1142,92.13600000000001,943,MADDPG
1143,91.91400000000002,944,MADDPG
1144,92.15200000000002,945,MADDPG
1145,92.39000000000001,946,MADDPG
1146,92.15400000000001,947,MADDPG
1147,91.934,948,MADDPG
1148,92.16,949,MADDPG
1149,91.94200000000001,950,MADDPG
1150,91.70200000000001,951,MADDPG
1151,91.888,952,MADDPG
1152,92.088,953,MADDPG
1153,92.056,954,MADDPG
1154,92.034,955,MADDPG
1155,92.274,956,MADDPG
1156,92.324,957,MADDPG
1157,92.10600000000001,958,MADDPG
1158,91.906,959,MADDPG
1159,92.146,960,MADDPG
1160,92.126,961,MADDPG
1161,91.89,962,MADDPG
1162,91.892,963,MADDPG
1163,91.896,964,MADDPG
1164,91.658,965,MADDPG
1165,91.44000000000001,966,MADDPG
1166,91.644,967,MADDPG
1167,91.84400000000001,968,MADDPG
1168,91.84,969,MADDPG
1169,91.85,970,MADDPG
1170,91.85,971,MADDPG
1171,91.648,972,MADDPG
1172,91.458,973,MADDPG
1173,91.68800000000002,974,MADDPG
1174,91.912,975,MADDPG
1175,91.912,976,MADDPG
1176,92.10799999999999,977,MADDPG
1177,92.096,978,MADDPG
1178,92.098,979,MADDPG
1179,91.864,980,MADDPG
1180,91.86600000000001,981,MADDPG
1181,91.67,982,MADDPG
1182,91.672,983,MADDPG
1183,91.438,984,MADDPG
1184,91.446,985,MADDPG
1185,91.676,986,MADDPG
1186,91.67200000000001,987,MADDPG
1187,91.69000000000001,988,MADDPG
1188,91.926,989,MADDPG
1189,91.93799999999999,990,MADDPG
1190,91.71000000000001,991,MADDPG
1191,91.94800000000001,992,MADDPG
1192,92.11600000000001,993,MADDPG
1193,91.884,994,MADDPG
1194,91.88199999999999,995,MADDPG
1195,92.27799999999999,996,MADDPG
1196,92.24199999999999,997,MADDPG
1197,92.064,998,MADDPG
1198,92.44666666666667,999,MADDPG
1199,91.48,1000,MADDPG
